{
    "loss": 4.059798240661621,
    "accuracy": 0.681034505367279
}